<?xml version="1.0" encoding="UTF-8"?>
<!DOCTYPE editor-macros PUBLIC "-//NetBeans//DTD Editor Macros settings 1.1//EN" "http://www.netbeans.org/dtds/EditorMacros-1_1.dtd">
<editor-macros>
    <macro name="copy down" xml:space="preserve">
        <shortcut keystrokes="SO-DOWN"/>
        <code><![CDATA[caret-begin-line select-line copy-to-clipboard caret-down caret-up paste-from-clipboard caret-up]]></code>
    </macro>
    <macro name="copy up" xml:space="preserve">
        <shortcut keystrokes="SO-UP"/>
        <code><![CDATA[select-line copy-to-clipboard caret-up insert-break caret-up paste-from-clipboard delete-previous]]></code>
    </macro>
    <macro name="add line up" xml:space="preserve">
        <shortcut keystrokes="SD-ENTER"/>
        <code><![CDATA[caret-begin-line insert-break caret-up indent]]></code>
    </macro>
</editor-macros>
