<?xml version="1.0" encoding="UTF-8"?>
<!DOCTYPE fontscolors PUBLIC "-//NetBeans//DTD Editor Fonts and Colors settings 1.1//EN" "http://www.netbeans.org/dtds/EditorFontsColors-1_1.dtd">
<fontscolors>
    <fontcolor name="error" waveUnderlined="ff9e2927"/>
    <fontcolor foreColor="ff6a8759" name="char"/>
    <fontcolor foreColor="ffcc7832" name="keyword"/>
    <fontcolor foreColor="ff505050" name="whitespace"/>
    <fontcolor default="keyword" foreColor="ffe8bf6a" name="markup-element"/>
    <fontcolor foreColor="ff6897bb" name="number"/>
    <fontcolor foreColor="ffa9b7c6" name="operator"/>
    <fontcolor foreColor="ff287bde" name="url" underline="ff287bde"/>
    <fontcolor default="identifier" foreColor="ff9876aa" name="field"/>
    <fontcolor bgColor="ff2b2b2b" foreColor="ffa9b7c6" name="default">
        <font name="Fira Code" size="14"/>
    </fontcolor>
    <fontcolor bgColor="black" name="mark-occurrences"/>
    <fontcolor foreColor="ff6a8759" name="string"/>
    <fontcolor default="default" name="entity-reference"/>
    <fontcolor default="string" foreColor="ffa5c261" name="markup-attribute-value"/>
    <fontcolor default="identifier" name="method"/>
    <fontcolor foreColor="gray" name="comment"/>
    <fontcolor foreColor="ffa9b7c6" name="identifier"/>
    <fontcolor bgColor="ff52503a" name="warning" waveUnderlined="ff52503a"/>
    <fontcolor foreColor="ffa9b7c6" name="separator"/>
    <fontcolor default="field" foreColor="ffbababa" name="markup-attribute"/>
</fontscolors>
